Gender,Height,Weight
Male,78.0958674715774,255.690834836788
Male,78.4620529193772,227.342564876735
Male,78.9987423463896,269.989698505106
Male,78.5282104258694,253.889003841814
Male,78.621373968548,245.733782726093
Female,54.6168578301035,71.393748738973
Female,54.8737275315254,78.6066703120237
Female,54.2631333250971,64.700126712753
